ID,User Story,Монгол тайлбар,Юзкейс,Priority,Story Point,Sprint,Status,Notes
US-01,"As a resident, I want to log in with my Gmail (Google) account, so that only I can see my own apartment data.","Оршин суугч Gmail бүртгэлээрээ нэвтэрч, зөвхөн өөрийн сууцны мэдээллийг харна.",Өмнөх нөхцөл,High,3,Sprint 1,To do,Must have
US-02,"As a manager, I want to register an apartment together with its resident, so that every unit has one responsible contact.",Менежер сууцыг оршин суугчийнх нь хамт бүртгэнэ.,UC-01,High,5,Sprint 1,To do,Must have
US-03,"As a manager, I want to register each parking space with its ownership type, so that only common-property spaces go into the queue.","Менежер зогсоол бүрийг өмчлөлийн төрөлтэй нь бүртгэж, зөвхөн дундын өмчлөлийнхийг дараалалд оруулна.",UC-02,High,3,Sprint 1,To do,Must have
US-04,"As a resident, I want to register my car with its plate number, so that it can be checked and approved.",Оршин суугч машинаа улсын дугаараар бүртгүүлнэ.,UC-03,High,3,Sprint 1,To do,Must have
US-05,"As a manager, I want to approve or reject a registered car with a reason, so that only checked cars can rent a space.",Менежер бүртгүүлсэн машиныг батална эсвэл шалтгаан бичиж татгалзана.,UC-04,High,2,Sprint 1,To do,Must have
US-06,"As a resident, I want to request a parking space for a chosen period, so that I can park in the yard of my building.",Оршин суугч сонгосон хугацаагаар зогсоолын түрээсийн хүсэлт илгээнэ.,UC-05,High,5,Sprint 1,To do,Must have
US-07,"As a resident, I want to see my position in the waiting list, so that I know when my turn comes.",Оршин суугч хүлээлгийн жагсаалтад хэддүгээрт байгаагаа харна.,UC-05,High,1,Sprint 1,To do,Must have. Үнэлгээний суурь story
US-08,"As a resident, I want to see the whole waiting list, so that I can check the order is kept.",Оршин суугч бүх хүлээлгийн жагсаалтыг хараад дарааллыг шалгана.,UC-05,Medium,2,,To do,Should have
US-09,"As a resident with no parking space, I want first-car requests to come before additional-car requests, so that every apartment gets one space before anyone gets two.",Зогсоолгүй оршин суугчийн хувьд нэг дэх машины хүсэлт нэмэлт машины хүсэлтээс түрүүлнэ.,"UC-05, UC-06",High,3,,To do,Must have
US-10,"As a manager, I want to allocate a free space to the first request in the queue, so that the lease starts on the agreed date.",Менежер сул зогсоолыг дарааллын эхний хүсэлтэд олгоно.,UC-06,High,5,,To do,Must have
US-11,"As a resident, I want every out-of-order allocation to be recorded with its reason, manager and date, so that the decision can be checked later.","Дарааллаас гадуур олгосон зогсоол бүрийг шалтгаан, шийдвэр гаргасан менежер, огнооных нь хамт бүртгэж, бүх оршин суугчдад харуулна.",UC-06,Medium,3,,To do,Should have
US-12,"As a manager, I want the system to create monthly invoices for every apartment, so that residents know what to pay.",Менежер сар бүр сууц тус бүрд нэхэмжлэх үүсгэнэ.,UC-07,High,8,,To do,Must have
US-13,"As a resident, I want to see my invoices, including any late fee, and my payment history, so that I know how much to pay in my bank app.","Оршин суугч сууцныхаа нэхэмжлэхийн төлөв, задаргаа, төлбөрийн түүх, банкны аппад оруулах сууцны кодыг харна. Хугацаа хэтэрсэн нэхэмжлэхэд систем алданги бодож нэмнэ.",UC-08,High,5,,To do,Must have
US-14,"As a manager, I want payments that residents make in their bank app to be recorded automatically, so that I do not have to match payments by hand.","Систем төлөгдөөгүй нэхэмжлэхийн дүнг сууцны кодоор банкны аппад харуулж, банкны апп төлбөр төлөгдсөнийг мэдэгдэхэд нэхэмжлэхийг төлөгдсөн болгон баримт үүсгэнэ.",UC-10,High,5,,To do,Must have
US-15,"As a manager, I want to export a report for a chosen period to Excel, so that I can present it at the owners' meeting.",Менежер сонгосон хугацааны тайланг Excel файлаар татна.,UC-09,Medium,5,,To do,Could have
